Series Name,Series Code,Country Name,Country Code,1990 [YR1990],2000 [YR2000],2011 [YR2011],2012 [YR2012],2013 [YR2013],2014 [YR2014],2015 [YR2015],2016 [YR2016],2017 [YR2017],2018 [YR2018],2019 [YR2019],2020 [YR2020]
"Population, total",SP.POP.TOTL,Afghanistan,AFG,12412308,20779953,30117413,31161376,32269589,33370794,34413603,35383128,36296400,37172386,38041754,..
"Population, total",SP.POP.TOTL,Albania,ALB,3286542,3089027,2905195,2900401,2895092,2889104,2880703,2876101,2873457,2866376,2854191,..
"Population, total",SP.POP.TOTL,Algeria,DZA,25758869,31042235,36661444,37383887,38140132,38923687,39728025,40551404,41389198,42228429,43053054,..
"Population, total",SP.POP.TOTL,American Samoa,ASM,47347,57821,55759,55667,55713,55791,55812,55741,55620,55465,55312,..
"Population, total",SP.POP.TOTL,Andorra,AND,54509,65390,83747,82427,80774,79213,78011,77297,77001,77006,77142,..
"Population, total",SP.POP.TOTL,Angola,AGO,11848386,16395473,24220661,25107931,26015780,26941779,27884381,28842484,29816748,30809762,31825295,..
"Population, total",SP.POP.TOTL,Antigua and Barbuda,ATG,62528,76016,89253,90409,91516,92562,93566,94527,95426,96286,97118,..
"Population, total",SP.POP.TOTL,Argentina,ARG,32618651,36870787,41261490,41733271,42202935,42669500,43131966,43590368,44044811,44494502,44938712,..
"Population, total",SP.POP.TOTL,Armenia,ARM,3538171,3069591,2876538,2884229,2897584,2912403,2925553,2936146,2944809,2951776,2957731,..
"Population, total",SP.POP.TOTL,Aruba,ABW,62149,90853,102046,102560,103159,103774,104341,104872,105366,105845,106314,..
"Population, total",SP.POP.TOTL,Australia,AUS,17065100,19153000,22340024,22733465,23128129,23475686,23815995,24190907,24601860,24982688,25364307,..
"Population, total",SP.POP.TOTL,Austria,AUT,7677850,8011566,8391643,8429991,8479823,8546356,8642699,8736668,8797566,8840521,8877067,..
"Population, total",SP.POP.TOTL,Azerbaijan,AZE,7159000,8048600,9173082,9295784,9416801,9535079,9649341,9757812,9854033,9939771,10023318,..
"Population, total",SP.POP.TOTL,"Bahamas, The",BHS,256223,298051,359577,363584,367168,370633,374206,377931,381761,385640,389482,..
"Population, total",SP.POP.TOTL,Bahrain,BHR,495931,664611,1278151,1299943,1315029,1336075,1371851,1425791,1494074,1569439,1641172,..
"Population, total",SP.POP.TOTL,Bangladesh,BGD,103171956,127657854,149273778,151007807,152764676,154520167,156256276,157970840,159670593,161356039,163046161,..
"Population, total",SP.POP.TOTL,Barbados,BRB,260936,271515,282987,283700,284296,284825,285324,285796,286233,286641,287025,..
"Population, total",SP.POP.TOTL,Belarus,BLR,10189000,9979610,9473172,9464495,9465997,9474511,9489616,9501534,9498264,9483499,9466856,..
"Population, total",SP.POP.TOTL,Belgium,BEL,9967379,10251250,11038264,11106932,11159407,11209057,11274196,11331422,11375158,11427054,11484055,..
"Population, total",SP.POP.TOTL,Belize,BLZ,187552,247315,330237,338000,345715,353366,360933,368400,375769,383071,390353,..
"Population, total",SP.POP.TOTL,Benin,BEN,4978496,6865951,9460830,9729248,10004588,10286842,10575952,10872067,11175204,11485048,11801151,..
"Population, total",SP.POP.TOTL,Bermuda,BMU,59326,61833,64564,64798,65001,65138,65237,64554,63873,63920,63918,..
"Population, total",SP.POP.TOTL,Bhutan,BTN,530804,591021,693298,701583,710238,719056,727876,736709,745568,754394,763092,..
"Population, total",SP.POP.TOTL,Bolivia,BOL,6864842,8418264,10212954,10377676,10542376,10706517,10869730,11031813,11192854,11353142,11513100,..
"Population, total",SP.POP.TOTL,Bosnia and Herzegovina,BIH,4463423,3751176,3661175,3604972,3542605,3482104,3429361,3386267,3351527,3323929,3301000,..
"Population, total",SP.POP.TOTL,Botswana,BWA,1286756,1643334,2015402,2039551,2062536,2088614,2120716,2159944,2205128,2254126,2303697,..
"Population, total",SP.POP.TOTL,Brazil,BRA,149003223,174790340,197514534,199287296,201035903,202763735,204471769,206163058,207833831,209469333,211049527,..
"Population, total",SP.POP.TOTL,British Virgin Islands,VGB,17489,20311,28319,28650,28847,28989,29152,29355,29577,29802,30030,..
"Population, total",SP.POP.TOTL,Brunei Darussalam,BRN,258721,333165,393688,398989,404421,409769,414907,419800,424473,428962,433285,..
"Population, total",SP.POP.TOTL,Bulgaria,BGR,8718289,8170172,7348328,7305888,7265115,7223938,7177991,7127822,7075947,7025037,6975761,..
"Population, total",SP.POP.TOTL,Burkina Faso,BFA,8811034,11607942,16081911,16571246,17072775,17586017,18110624,18646378,19193284,19751535,20321378,..
"Population, total",SP.POP.TOTL,Burundi,BDI,5438957,6378871,8958406,9245988,9540289,9844297,10160030,10487998,10827024,11175378,11530580,..
"Population, total",SP.POP.TOTL,Cabo Verde,CPV,337950,428188,498856,505235,511748,518269,524743,531146,537497,543767,549935,..
"Population, total",SP.POP.TOTL,Cambodia,KHM,8975597,12155239,14541423,14780454,15026332,15274503,15521436,15766293,16009414,16249798,16486542,..
"Population, total",SP.POP.TOTL,Cameroon,CMR,11780088,15513945,20906388,21485266,22077298,22681858,23298368,23926539,24566045,25216237,25876380,..
"Population, total",SP.POP.TOTL,Canada,CAN,27691138,30685730,34339328,34714222,35082954,35437435,35702908,36109487,36543321,37057765,37589262,..
"Population, total",SP.POP.TOTL,Cayman Islands,CYM,25312,42303,57878,58958,59932,60848,61724,62569,63382,64174,64948,..
"Population, total",SP.POP.TOTL,Central African Republic,CAF,2806734,3640427,4418636,4436415,4447942,4464175,4493170,4537687,4596028,4666377,4745185,..
"Population, total",SP.POP.TOTL,Chad,TCD,5963252,8355654,12360989,12784750,13220424,13663559,14110975,14561666,15016773,15477751,15946876,..
"Population, total",SP.POP.TOTL,Channel Islands,CHI,140671,148443,160998,162056,163038,164100,165385,166923,168665,170499,172259,..
"Population, total",SP.POP.TOTL,Chile,CHL,13274623,15342353,17233576,17400347,17571507,17758959,17969353,18209068,18470439,18729160,18952038,..
"Population, total",SP.POP.TOTL,China,CHN,1135185000,1262645000,1344130000,1350695000,1357380000,1364270000,1371220000,1378665000,1386395000,1392730000,1397715000,..
"Population, total",SP.POP.TOTL,Colombia,COL,33102569,39629965,45662747,46075721,46495492,46967706,47520667,48175048,48909844,49661056,50339443,..
"Population, total",SP.POP.TOTL,Comoros,COM,411594,542357,706569,723871,741505,759390,777424,795592,813892,832322,850886,..
"Population, total",SP.POP.TOTL,"Congo, Dem. Rep.",COD,34612023,47105826,66755153,69020747,71358807,73767447,76244544,78789127,81398764,84068091,86790567,..
"Population, total",SP.POP.TOTL,"Congo, Rep.",COG,2356737,3127411,4394844,4510198,4622761,4736974,4856095,4980999,5110702,5244363,5380508,..
"Population, total",SP.POP.TOTL,Costa Rica,CRI,3119433,3962372,4633086,4688000,4742107,4795396,4847804,4899345,4949954,4999441,5047561,..
"Population, total",SP.POP.TOTL,Cote d'Ivoire,CIV,11924877,16454668,21028655,21547188,22087505,22647683,23226143,23822714,24437469,25069229,25716544,..
"Population, total",SP.POP.TOTL,Croatia,HRV,4777368,4468302,4280622,4267558,4255689,4238389,4203604,4174349,4124531,4087843,4067500,..
"Population, total",SP.POP.TOTL,Cuba,CUB,10596987,11126430,11236670,11257101,11282720,11306902,11324781,11335109,11339259,11338138,11333483,..
"Population, total",SP.POP.TOTL,Curacao,CUW,145400,133860,150831,152088,153822,155909,157980,159664,160175,159800,157538,..
"Population, total",SP.POP.TOTL,Cyprus,CYP,766615,943290,1124833,1135046,1143866,1152285,1160985,1170187,1179680,1189265,1198575,..
"Population, total",SP.POP.TOTL,Czech Republic,CZE,10333355,10255063,10496088,10510785,10514272,10525347,10546059,10566332,10594438,10629928,10669709,..
"Population, total",SP.POP.TOTL,Denmark,DNK,5140939,5339616,5570572,5591572,5614932,5643475,5683483,5728010,5764980,5793636,5818553,..
"Population, total",SP.POP.TOTL,Djibouti,DJI,590398,717584,853674,868136,883293,898696,913993,929112,944097,958920,973560,..
"Population, total",SP.POP.TOTL,Dominica,DMA,70419,69650,70916,70965,71016,71085,71183,71307,71458,71625,71808,..
"Population, total",SP.POP.TOTL,Dominican Republic,DOM,7133494,8471321,9813210,9930911,10048224,10165178,10281680,10397743,10513131,10627165,10738958,..
"Population, total",SP.POP.TOTL,Ecuador,ECU,10230934,12681123,15243883,15474102,15707474,15951838,16212020,16491115,16785361,17084357,17373662,..
"Population, total",SP.POP.TOTL,"Egypt, Arab Rep.",EGY,56134475,68831561,84529250,86422240,88404640,90424654,92442547,94447072,96442593,98423595,100388073,..
"Population, total",SP.POP.TOTL,El Salvador,SLV,5270079,5887936,6210568,6237923,6266070,6295128,6325124,6356143,6388122,6420744,6453553,..
"Population, total",SP.POP.TOTL,Equatorial Guinea,GNQ,419188,606181,986853,1031191,1076413,1122276,1168568,1215179,1262001,1308974,1355986,..
"Population, total",SP.POP.TOTL,Eritrea,ERI,2258653,2292416,3213972,..,..,..,..,..,..,..,..,..
"Population, total",SP.POP.TOTL,Estonia,EST,1569174,1396985,1327439,1322696,1317997,1314545,1315407,1315790,1317384,1321977,1326590,..
"Population, total",SP.POP.TOTL,Eswatini,SWZ,822420,1005435,1072032,1079288,1086839,1095021,1104044,1113984,1124753,1136191,1148130,..
"Population, total",SP.POP.TOTL,Ethiopia,ETH,47887865,66224804,90139927,92726971,95385785,98094253,100835458,103603501,106400024,109224559,112078730,..
"Population, total",SP.POP.TOTL,Faroe Islands,FRO,47274,46735,47823,47843,47892,47960,48051,48173,48331,48497,48678,..
"Population, total",SP.POP.TOTL,Fiji,FJI,728573,811006,863449,865069,865608,866453,868627,872399,877459,883483,889953,..
"Population, total",SP.POP.TOTL,Finland,FIN,4986431,5176209,5388272,5413971,5438972,5461512,5479531,5495303,5508214,5515525,5520314,..
"Population, total",SP.POP.TOTL,France,FRA,58235697,60912500,65342780,65659809,65998687,66312067,66548272,66724104,66864379,66965912,67059887,..
"Population, total",SP.POP.TOTL,French Polynesia,PYF,199905,240686,267698,268998,270328,271705,273124,274575,276103,277679,279287,..
"Population, total",SP.POP.TOTL,Gabon,GAB,949488,1228360,1684635,1749682,1817071,1883800,1947686,2007873,2064823,2119275,2172579,..
"Population, total",SP.POP.TOTL,"Gambia, The",GMB,955593,1317703,1848147,1905011,1963711,2024042,2085860,2149139,2213894,2280102,2347706,..
"Population, total",SP.POP.TOTL,Georgia,GEO,4802000,4077131,3756441,3728874,3717668,3719414,3725276,3727505,3728004,3726549,3720382,..
"Population, total",SP.POP.TOTL,Germany,DEU,79433029,82211508,80274983,80425823,80645605,80982500,81686611,82348669,82657002,82905782,83132799,..
"Population, total",SP.POP.TOTL,Ghana,GHA,14773277,19278856,25387710,25996449,26607642,27224472,27849205,28481946,29121471,29767108,30417856,..
"Population, total",SP.POP.TOTL,Gibraltar,GIB,29147,31077,33612,33646,33692,33725,33736,33737,33728,33718,33701,..
"Population, total",SP.POP.TOTL,Greece,GRC,10196792,10805808,11104899,11045011,10965211,10892413,10820883,10775971,10754679,10732882,10716322,..
"Population, total",SP.POP.TOTL,Greenland,GRL,55600,56200,56890,56810,56483,56295,56114,56186,56172,56023,56225,..
"Population, total",SP.POP.TOTL,Grenada,GRD,96331,102833,106796,107446,108170,108902,109599,110261,110874,111454,112003,..
"Population, total",SP.POP.TOTL,Guam,GUM,130482,155329,159692,159996,160407,161016,161853,162951,164281,165768,167294,..
"Population, total",SP.POP.TOTL,Guatemala,GTM,9050115,11589761,14521515,14781942,15043981,15306316,15567419,15827690,16087418,16346950,16604026,..
"Population, total",SP.POP.TOTL,Guinea,GIN,6352283,8240730,10420471,10652029,10892810,11150977,11432088,11738441,12067539,12414318,12771246,..
"Population, total",SP.POP.TOTL,Guinea-Bissau,GNB,975261,1201301,1562989,1604979,1648257,1692439,1737202,1782437,1828146,1874309,1920922,..
"Population, total",SP.POP.TOTL,Guyana,GUY,743309,746715,752028,755399,759285,763380,767432,771366,775221,779004,782766,..
"Population, total",SP.POP.TOTL,Haiti,HTI,7037917,8463806,10100320,10250930,10400673,10549008,10695542,10839970,10982366,11123176,11263077,..
"Population, total",SP.POP.TOTL,Honduras,HND,4955303,6574509,8480671,8640691,8798521,8955589,9112916,9270795,9429013,9587522,9746117,..
"Population, total",SP.POP.TOTL,"Hong Kong SAR, China",HKG,5704500,6665000,7071600,7150100,7178900,7229500,7291300,7336600,7391700,7451000,7507400,..
"Population, total",SP.POP.TOTL,Hungary,HUN,10373988,10210971,9971727,9920362,9893082,9866468,9843028,9814023,9787966,9775564,9769949,..
"Population, total",SP.POP.TOTL,Iceland,ISL,254826,281205,319014,320716,323764,327386,330815,335439,343400,352721,361313,..
"Population, total",SP.POP.TOTL,India,IND,873277798,1056575549,1250288729,1265782790,1280846129,1295604184,1310152403,1324509589,1338658835,1352617328,1366417754,..
"Population, total",SP.POP.TOTL,Indonesia,IDN,181413402,211513823,245116206,248452413,251806402,255129004,258383256,261554226,264645886,267663435,270625568,..
"Population, total",SP.POP.TOTL,"Iran, Islamic Rep.",IRN,56366217,65623405,74634956,75539862,76481943,77465753,78492215,79564016,80673951,81800269,82913906,..
"Population, total",SP.POP.TOTL,Iraq,IRQ,17419113,23497585,30725300,31890011,33157050,34411951,35572261,36610632,37552781,38433600,39309783,..
"Population, total",SP.POP.TOTL,Ireland,IRL,3513974,3805174,4580084,4599533,4623816,4657740,4701957,4755335,4807388,4867316,4941444,..
"Population, total",SP.POP.TOTL,Isle of Man,IMN,70298,76941,84886,84533,83976,83488,83234,83287,83598,84077,84584,..
"Population, total",SP.POP.TOTL,Israel,ISR,4660000,6289000,7765800,7910500,8059500,8215700,8380100,8546000,8713300,8882800,9053300,..
"Population, total",SP.POP.TOTL,Italy,ITA,56719240,56942108,59379449,59539717,60233948,60789140,60730582,60627498,60536709,60421760,60297396,..
"Population, total",SP.POP.TOTL,Jamaica,JAM,2419906,2654701,2825929,2842132,2858709,2875136,2891021,2906238,2920853,2934855,2948279,..
"Population, total",SP.POP.TOTL,Japan,JPN,123537000,126843000,127833000,127629000,127445000,127276000,127141000,126994511,126785797,126529100,126264931,..
"Population, total",SP.POP.TOTL,Jordan,JOR,3565890,5122493,7663131,8090872,8520420,8920049,9266575,9551467,9779173,9956011,10101694,..
"Population, total",SP.POP.TOTL,Kazakhstan,KAZ,16348000,14883626,16557201,16792089,17035550,17288285,17542806,17794055,18037776,18276498.5,18513930,..
"Population, total",SP.POP.TOTL,Kenya,KEN,23724579,31964557,43178257,44343410,45519889,46699981,47878336,49051686,50221473,51393010,52573973,..
"Population, total",SP.POP.TOTL,Kiribati,KIR,72400,84396,104728,106370,107890,109391,110930,112524,114158,115847,117606,..
"Population, total",SP.POP.TOTL,"Korea, Dem. People’s Rep.",PRK,20293054,22929075,24673385,24800612,24929452,25057752,25183833,25307744,25429985,25549819,25666161,..
"Population, total",SP.POP.TOTL,"Korea, Rep.",KOR,42869283,47008111,49936638,50199853,50428893,50746659,51014947,51217803,51361911,51606633,51709098,..
"Population, total",SP.POP.TOTL,Kosovo,XKX,1862000,1700000,1791000,1807106,1818117,1812771,1788196,1777557,1791003,1797085,1794248,..
"Population, total",SP.POP.TOTL,Kuwait,KWT,2095344,2045123,3168060,3348853,3526376,3690941,3835591,3956875,4056099,4137312,4207083,..
"Population, total",SP.POP.TOTL,Kyrgyz Republic,KGZ,4391200,4898400,5514600,5607200,5719600,5835500,5956900,6079500,6198200,6322800,6456900,..
"Population, total",SP.POP.TOTL,Lao PDR,LAO,4258472,5323700,6347567,6444530,6541304,6639756,6741164,6845846,6953035,7061507,7169455,..
"Population, total",SP.POP.TOTL,Latvia,LVA,2663151,2367550,2059709,2034319,2012647,1993782,1977527,1959537,1942248,1927174,1912789,..
"Population, total",SP.POP.TOTL,Lebanon,LBN,2803044,3842778,5202343,5538634,5914621,6262410,6532678,6711121,6811873,6848925,6855713,..
"Population, total",SP.POP.TOTL,Lesotho,LSO,1703747,2032804,2003787,2014990,2028519,2043437,2059021,2075001,2091412,2108132,2125268,..
"Population, total",SP.POP.TOTL,Liberia,LBR,2075912,2848456,4017443,4135659,4248334,4359505,4472230,4586788,4702228,4818977,4937374,..
"Population, total",SP.POP.TOTL,Libya,LBY,4436661,5357891,6247439,6285750,6320359,6362037,6418315,6492164,6580724,6678567,6777452,..
"Population, total",SP.POP.TOTL,Liechtenstein,LIE,28789,33184,36293,36615,36934,37223,37470,37658,37800,37910,38019,..
"Population, total",SP.POP.TOTL,Lithuania,LTU,3697838,3499536,3028115,2987773,2957689,2932367,2904910,2868231,2828403,2801543,2786844,..
"Population, total",SP.POP.TOTL,Luxembourg,LUX,381850,436300,518347,530946,543360,556319,569604,582014,596336,607950,619896,..
"Population, total",SP.POP.TOTL,"Macao SAR, China",MAC,343808,427782,550832,564039,577372,590208,602085,612836,622585,631636,640445,..
"Population, total",SP.POP.TOTL,Madagascar,MDG,11598633,15766806,21743967,22346641,22961253,23589887,24234088,24894380,25570540,26262368,26969307,..
"Population, total",SP.POP.TOTL,Malawi,MWI,9404500,11148758,14962112,15396005,15839269,16289540,16745303,17205289,17670260,18143315,18628747,..
"Population, total",SP.POP.TOTL,Malaysia,MYS,18029824,23194257,28650955,29068159,29468872,29866559,30270962,30684804,31105028,31528585,31949777,..
"Population, total",SP.POP.TOTL,Maldives,MDV,223158,279398,380495,397237,415593,435015,454915,475513,496402,515696,530953,..
"Population, total",SP.POP.TOTL,Mali,MLI,8449913,10946445,15514591,15979499,16449864,16934220,17438778,17965429,18512394,19077690,19658031,..
"Population, total",SP.POP.TOTL,Malta,MLT,354170,390087,416268,420028,425967,434558,445053,455356,467999,484630,502653,..
"Population, total",SP.POP.TOTL,Marshall Islands,MHL,47271,50753,56531,56717,56938,57179,57439,57735,58058,58413,58791,..
"Population, total",SP.POP.TOTL,Mauritania,MRT,2034346,2630219,3598648,3706554,3817494,3930896,4046301,4163534,4282574,4403319,4525696,..
"Population, total",SP.POP.TOTL,Mauritius,MUS,1058775,1186873,1252404,1255882,1258653,1260934,1262605,1263473,1264613,1265303,1265711,..
"Population, total",SP.POP.TOTL,Mexico,MEX,83943132,98899845,115695473,117274155,118827161,120355128,121858258,123333376,124777324,126190788,127575529,..
"Population, total",SP.POP.TOTL,"Micronesia, Fed. Sts.",FSM,96301,107402,103450,104506,105926,107446,108895,110215,111459,112640,113815,..
"Population, total",SP.POP.TOTL,Moldova,MDA,2969097,2923783,2859833,2859458,2858692,2856950,2834530,2802170,2755158,2706049,2657637,..
"Population, total",SP.POP.TOTL,Monaco,MCO,29438,32147,36024,36460,36901,37322,37718,38070,38392,38682,38964,..
"Population, total",SP.POP.TOTL,Mongolia,MNG,2184145,2397418,2770362,2824699,2881792,2940108,2998439,3056359,3113779,3170208,3225167,..
"Population, total",SP.POP.TOTL,Montenegro,MNE,606372,604950,620079,620601,621207,621810,622159,622303,622373,622227,622137,..
"Population, total",SP.POP.TOTL,Morocco,MAR,24807462,28793679,32781850,33241898,33715693,34192347,34663603,35126296,35581294,36029138,36471769,..
"Population, total",SP.POP.TOTL,Mozambique,MOZ,12987292,17711927,24187487,24862648,25560725,26286163,27042002,27829942,28649007,29495962,30366036,..
"Population, total",SP.POP.TOTL,Myanmar,MMR,41335199,46719701,50990615,51413698,51852451,52280807,52680726,53045226,53382581,53708395,54045420,..
"Population, total",SP.POP.TOTL,Namibia,NAM,1432905,1794571,2156701,2194784,2233510,2273430,2314904,2358041,2402603,2448255,2494530,..
"Population, total",SP.POP.TOTL,Nauru,NRU,9505,10337,10057,10279,10821,11853,12475,13049,12876,12704,12581,..
"Population, total",SP.POP.TOTL,Nepal,NPL,18905478,23941110,27041437,26989862,26917906,26906926,27015031,27261131,27627124,28087871,28608710,..
"Population, total",SP.POP.TOTL,Netherlands,NLD,14951510,15925513,16693074,16754962,16804432,16865008,16939923,17030314,17131296,17231624,17332850,..
"Population, total",SP.POP.TOTL,New Caledonia,NCL,170899,213230,254350,259000,263650,268050,272400,276550,280350,284060,287800,..
"Population, total",SP.POP.TOTL,New Zealand,NZL,3329800,3857700,4384000,4408100,4442100,4509700,4595700,4693200,4793900,4841000,4917000,..
"Population, total",SP.POP.TOTL,Nicaragua,NIC,4173434,5069302,5903039,5982526,6062454,6142733,6223240,6303974,6384855,6465513,6545502,..
"Population, total",SP.POP.TOTL,Niger,NER,8026591,11331557,17114761,17795191,18504255,19240157,20001663,20788838,21602472,22442948,23310715,..
"Population, total",SP.POP.TOTL,Nigeria,NGA,95212450,122283850,162805071,167228767,171765769,176404902,181137448,185960289,190873311,195874740,200963599,..
"Population, total",SP.POP.TOTL,North Macedonia,MKD,1996228,2034819,2072487,2074278,2076067,2077775,2079328,2080745,2081996,2082958,2083459,..
"Population, total",SP.POP.TOTL,Northern Mariana Islands,MNP,45752,57453,54012,54311,54784,55305,55780,56188,56562,56882,57216,..
"Population, total",SP.POP.TOTL,Norway,NOR,4241473,4490967,4953088,5018573,5079623,5137232,5188607,5234519,5276968,5311916,5347896,..
"Population, total",SP.POP.TOTL,Oman,OMN,1812161,2267973,3251108,3498029,3764805,4027260,4267348,4479219,4665935,4829483,4974986,..
"Population, total",SP.POP.TOTL,Pakistan,PAK,107647921,142343578,183340592,187281475,191262919,195306825,199426964,203627284,207896686,212215030,216565318,..
"Population, total",SP.POP.TOTL,Palau,PLW,15058,19105,17745,17640,17606,17626,17665,17725,17808,17907,18008,..
"Population, total",SP.POP.TOTL,Panama,PAN,2470947,3030328,3706483,3770624,3835437,3901315,3968487,4037078,4106771,4176873,4246439,..
"Population, total",SP.POP.TOTL,Papua New Guinea,PNG,4615839,5847586,7472200,7631002,7788379,7946731,8107775,8271760,8438029,8606316,8776109,..
"Population, total",SP.POP.TOTL,Paraguay,PRY,4223415,5323201,6333976,6421512,6510276,6599526,6688746,6777872,6867062,6956071,7044636,..
"Population, total",SP.POP.TOTL,Peru,PER,22071433,26459944,29264318,29506788,29773987,30090359,30470734,30926032,31444297,31989256,32510453,..
"Population, total",SP.POP.TOTL,Philippines,PHL,61895160,77991755,95570047,97212638,98871552,100513138,102113212,103663927,105173264,106651922,108116615,..
"Population, total",SP.POP.TOTL,Poland,POL,38110782,38258629,38063255,38063164,38040196,38011735,37986412,37970087,37974826,37974750,37970874,..
"Population, total",SP.POP.TOTL,Portugal,PRT,9983218,10289898,10557560,10514844,10457295,10401062,10358076,10325452,10300300,10283822,10269417,..
"Population, total",SP.POP.TOTL,Puerto Rico,PRI,3537000,3810605,3678732,3634488,3593077,3534874,3473232,3406672,3325286,3193354,3193694,..
"Population, total",SP.POP.TOTL,Qatar,QAT,476278,592468,2035871,2196074,2336574,2459198,2565710,2654374,2724724,2781677,2832067,..
"Population, total",SP.POP.TOTL,Romania,ROU,23201835,22442971,20147528,20058035,19983693,19908979,19815616,19702267,19587290,19472545,19356544,..
"Population, total",SP.POP.TOTL,Russian Federation,RUS,147969407,146596869,142960908,143201721,143506995,143819666,144096870,144342396,144496740,144477860,144373535,..
"Population, total",SP.POP.TOTL,Rwanda,RWA,7288882,7933681,10293331,10549678,10811543,11083635,11369071,11668818,11980937,12301939,12626950,..
"Population, total",SP.POP.TOTL,Samoa,WSM,162803,174454,187469,189088,190717,192221,193513,194535,195352,196130,197097,..
"Population, total",SP.POP.TOTL,San Marino,SMR,24125,27462,31661,32105,32553,32948,33272,33504,33671,33785,33860,..
"Population, total",SP.POP.TOTL,Sao Tome and Principe,STP,119209,142262,184524,188404,192087,195727,199432,203227,207089,211028,215056,..
"Population, total",SP.POP.TOTL,Saudi Arabia,SAU,16233785,20663843,28267685,29155187,30052518,30916994,31717667,32442572,33099147,33699947,34268528,..
"Population, total",SP.POP.TOTL,Senegal,SEN,7526307,9797734,13033809,13401991,13782420,14174731,14578459,14993528,15419381,15854360,16296364,..
"Population, total",SP.POP.TOTL,Serbia,SRB,7586000,7516346,7234099,7199077,7164132,7130576,7095383,7058322,7020858,6982604,6944975,..
"Population, total",SP.POP.TOTL,Seychelles,SYC,69507,81131,87441,88303,89949,91359,93419,94677,95843,96762,97625,..
"Population, total",SP.POP.TOTL,Sierra Leone,SLE,4319762,4584571,6563240,6712581,6863980,7017144,7171914,7328838,7488431,7650154,7813215,..
"Population, total",SP.POP.TOTL,Singapore,SGP,3047132,4027887,5183688,5312437,5399162,5469724,5535002,5607283,5612253,5638676,5703569,..
"Population, total",SP.POP.TOTL,Sint Maarten (Dutch part),SXM,..,30519,33435,34640,36607,37685,38825,39969,40574,40654,40733,..
"Population, total",SP.POP.TOTL,Slovak Republic,SVK,5299187,5388720,5398384,5407579,5413393,5418649,5423801,5430798,5439232,5446771,5454073,..
"Population, total",SP.POP.TOTL,Slovenia,SVN,1998161,1988925,2052843,2057159,2059953,2061980,2063531,2065042,2066388,2073894,2087946,..
"Population, total",SP.POP.TOTL,Solomon Islands,SLB,311866,412660,541521,556064,571335,587079,603118,619437,636038,652858,669823,..
"Population, total",SP.POP.TOTL,Somalia,SOM,7225092,8872254,12376302,12715510,13063706,13423576,13797201,14185613,14589119,15008154,15442905,..
"Population, total",SP.POP.TOTL,South Africa,ZAF,36800509,44967708,52004172,52834005,53689236,54545991,55386367,56203654,57000451,57779622,58558270,..
"Population, total",SP.POP.TOTL,South Sudan,SSD,5492623,6199394,9830698,10113647,10355036,10554883,10715658,10832512,10910759,10975920,11062113,..
"Population, total",SP.POP.TOTL,Spain,ESP,38867322,40567864,46742697,46773055,46620045,46480882,46444832,46484062,46593236,46797754,47076781,..
"Population, total",SP.POP.TOTL,Sri Lanka,LKA,17325773,18777601,20398670,20425000,20585000,20778000,20970000,21203000,21444000,21670000,21803000,..
"Population, total",SP.POP.TOTL,St. Kitts and Nevis,KNA,40260,44083,49442,49881,50328,50776,51204,51629,52036,52438,52834,..
"Population, total",SP.POP.TOTL,St. Lucia,LCA,138020,156729,175544,176646,177513,178296,179126,180024,180955,181889,182790,..
"Population, total",SP.POP.TOTL,St. Martin (French part),MAF,31520,28935,37446,37009,36453,36015,35858,36065,36560,37264,38002,..
"Population, total",SP.POP.TOTL,St. Vincent and the Grenadines,VCT,107484,107784,108316,108435,108622,108861,109148,109459,109827,110210,110589,..
"Population, total",SP.POP.TOTL,Sudan,SDN,20147590,27275015,35349681,36193783,37072550,37977655,38902950,39847440,40813396,41801533,42813238,..
"Population, total",SP.POP.TOTL,Suriname,SUR,405169,470944,535177,541247,547295,553278,559136,564883,570501,575987,581363,..
"Population, total",SP.POP.TOTL,Sweden,SWE,8558835,8872109,9449213,9519374,9600379,9696110,9799186,9923085,10057698,10175214,10285453,..
"Population, total",SP.POP.TOTL,Switzerland,CHE,6715519,7184250,7912398,7996861,8089346,8188649,8282396,8373338,8451840,8514329,8574832,..
"Population, total",SP.POP.TOTL,Syrian Arab Republic,SYR,12446171,16410848,21082966,20442541,19584274,18715672,17997408,17453933,17068002,16906283,17070135,..
"Population, total",SP.POP.TOTL,Tajikistan,TJK,5283814,6216341,7697510,7874835,8059769,8252833,8454028,8663579,8880268,9100837,9321018,..
"Population, total",SP.POP.TOTL,Tanzania,TZA,25203845,33499180,45673338,47052481,48482266,49959822,51482633,53050790,54663906,56318348,58005463,..
"Population, total",SP.POP.TOTL,Thailand,THA,56558186,62952642,67518382,67835957,68144501,68438730,68714511,68971331,69209858,69428524,69625582,..
"Population, total",SP.POP.TOTL,Timor-Leste,TLS,737814,884366,1113151,1132994,1153295,1174331,1196302,1219288,1243261,1267972,1293119,..
"Population, total",SP.POP.TOTL,Togo,TGO,3774312,4924402,6595943,6773807,6954721,7137997,7323158,7509952,7698475,7889094,8082366,..
"Population, total",SP.POP.TOTL,Tonga,TON,95069,97973,103562,102737,101768,101028,100781,101133,101998,103197,104494,..
"Population, total",SP.POP.TOTL,Trinidad and Tobago,TTO,1221116,1267153,1336178,1344817,1353700,1362342,1370328,1377564,1384072,1389858,1394973,..
"Population, total",SP.POP.TOTL,Tunisia,TUN,8242496,9708350,10741880,10847002,10952951,11063201,11179949,11303946,11433443,11565204,11694719,..
"Population, total",SP.POP.TOTL,Turkey,TUR,53921760,63240194,73443863,74653016,75928564,77231907,78529409,79821724,81101892,82319724,83429615,..
"Population, total",SP.POP.TOTL,Turkmenistan,TKM,3683967,4516133,5174085,5267900,5366375,5466328,5565287,5662372,5757669,5850908,5942089,..
"Population, total",SP.POP.TOTL,Turks and Caicos Islands,TCA,12111,20164,33377,34066,34731,35369,35981,36559,37115,37665,38191,..
"Population, total",SP.POP.TOTL,Tuvalu,TUV,8913,9394,10633,10739,10857,10972,11099,11225,11370,11508,11646,..
"Population, total",SP.POP.TOTL,Uganda,UGA,17354392,23650172,33476919,34559168,35695246,36912148,38225453,39647506,41162465,42723139,44269594,..
"Population, total",SP.POP.TOTL,Ukraine,UKR,51891400,49176500,45706086,45593342,45489648,45272156,45154036,45004674,44831135,44622518,44385155,..
"Population, total",SP.POP.TOTL,United Arab Emirates,ARE,1828432,3134062,8946777,9141596,9197910,9214175,9262900,9360980,9487203,9630959,9770529,..
"Population, total",SP.POP.TOTL,United Kingdom,GBR,57247586,58892514,63258810,63700215,64128273,64602298,65116219,65611593,66058859,66460344,66834405,..
"Population, total",SP.POP.TOTL,United States,USA,249623000,282162411,311556874,313830990,315993715,318301008,320635163,322941311,324985539,326687501,328239523,..
"Population, total",SP.POP.TOTL,Uruguay,URY,3109601,3319736,3368934,3378974,3389439,3400434,3412009,3424132,3436646,3449299,3461734,..
"Population, total",SP.POP.TOTL,Uzbekistan,UZB,20510000,24650400,29339400,29774500,30243200,30757700,31298900,31847900,32388600,32956100,33580650,..
"Population, total",SP.POP.TOTL,Vanuatu,VUT,146573,184972,242653,249499,256635,263888,271130,278330,285510,292680,299882,..
"Population, total",SP.POP.TOTL,"Venezuela, RB",VEN,19632665,24192446,28888369,29362449,29783571,30045134,30081829,29846179,29390409,28870195,28515829,..
"Population, total",SP.POP.TOTL,Vietnam,VNM,67988862,79910412,88871561,89802487,90753472,91714595,92677076,93638724,94596642,95540395,96462106,..
"Population, total",SP.POP.TOTL,Virgin Islands (U.S.),VIR,103963,108642,108292,108191,108044,107884,107710,107510,107268,106977,106631,..
"Population, total",SP.POP.TOTL,West Bank and Gaza,PSE,1978248,2922153,3882986,3979998,4076708,4173398,4270092,4367088,4454805,4569087,4685306,..
"Population, total",SP.POP.TOTL,"Yemen, Rep.",YEM,11709993,17409072,23807588,24473178,25147109,25823485,26497889,27168210,27834821,28498687,29161922,..
"Population, total",SP.POP.TOTL,Zambia,ZMB,8036845,10415944,14023193,14465121,14926504,15399753,15879361,16363507,16853688,17351822,17861030,..
"Population, total",SP.POP.TOTL,Zimbabwe,ZWE,10432421,11881477,12894316,13115131,13350356,13586681,13814629,14030390,14236745,14439018,14645468,..
"Population, total",SP.POP.TOTL,Arab World,ARB,222653373,282344154,363158703,371443547,379705717,387907747,396028278,404024435,411898967,419790591,427870270,..
"Population, total",SP.POP.TOTL,Caribbean small states,CSS,6009253,6513489,7022380,7072661,7123333,7173442,7222206,7269385,7314986,7358958,7401383,..
"Population, total",SP.POP.TOTL,Central Europe and the Baltics,CEB,110743128,108447824,104174038,103935318,103713726,103496179,103257886,102994278,102738653,102537026,102378579,..
"Population, total",SP.POP.TOTL,Early-demographic dividend,EAR,2028993608,2472852818,2951429046,2994364055,3037111090,3079708551,3122156905,3164386912,3206361028,3248239444,3290290613,..
"Population, total",SP.POP.TOTL,East Asia & Pacific,EAS,1822193192,2047640119,2221673110,2236819053,2252046977,2267482299,2282855831,2298486142,2314097713,2328138066,2340628292,..
"Population, total",SP.POP.TOTL,East Asia & Pacific (excluding high income),EAP,1605187670,1816455805,1980035609,1994391099,2008921191,2023597462,2038190036,2053103802,2068142784,2081639097,2093675040,..
"Population, total",SP.POP.TOTL,East Asia & Pacific (IDA & IBRD countries),TEA,1584871832,1793498351,1955334267,1969562739,1983964453,1998513398,2012980531,2027771091,2042687863,2056064424,2067984156,..
"Population, total",SP.POP.TOTL,Euro area,EMU,311262588,321310791,335419643,336159194,337302113,338462222,339488380,340481753,341163597,341843156,342597698,..
"Population, total",SP.POP.TOTL,Europe & Central Asia,ECS,841520445,861278548,890162706,893788642,898060416,902406816,906707416,910904758,914585461,917922618.5,921140092,..
"Population, total",SP.POP.TOTL,Europe & Central Asia (excluding high income),ECA,361175670,369143668,380165082,382509766,385088778,387660810,390295673,392870484,395289709,397435105.5,399404587,..
"Population, total",SP.POP.TOTL,Europe & Central Asia (IDA & IBRD countries),TEC,427265655,434313570,442656487,444898523,447368356,449819913,452301305,454717187,456976356,458970243.5,460799505,..
"Population, total",SP.POP.TOTL,European Union,EUU,420477979,429328624,440746976,441395932,442469471,443576663,444543759,445487728,446131273,446777673,447512041,..
"Population, total",SP.POP.TOTL,Fragile and conflict affected situations,FCS,389642005,504450718,663884474,680326998,697006260,713739741,730424930,747004599,763578047,780467640,798138587,..
"Population, total",SP.POP.TOTL,Heavily indebted poor countries (HIPC),HPC,354047260,471680794,641921311,660193774,679012664,698336451,718128416,738387254,759106221,780234406,801708035,..
"Population, total",SP.POP.TOTL,High income,HIC,1028439322,1101479766,1184722242,1191504221,1198364438,1205404811,1212252370,1219052243,1225031038,1230515710,1235852838,..
"Population, total",SP.POP.TOTL,IBRD only,IBD,3472779202,3987195305,4471055917,4515490894,4560254816,4604833828,4648915921,4692793113,4736170185,4777257264.5,4816235953,..
"Population, total",SP.POP.TOTL,IDA & IBRD total,IBT,4306143227,5065364309,5867932121,5943960591,6020877871,6098335490,6176134809,6254597843,6333386949,6410738779.5,6486934853,..
"Population, total",SP.POP.TOTL,IDA blend,IDB,278496626,360173360,467268096,478336539,489626543,501147849,512877243,524790731,536862922,549115214,561572202,..
"Population, total",SP.POP.TOTL,IDA only,IDX,554867399,717995644,929608108,950133158,970996512,992353813,1014341645,1037013999,1060353842,1084366301,1109126698,..
"Population, total",SP.POP.TOTL,IDA total,IDA,833364025,1078169004,1396876204,1428469697,1460623055,1493501662,1527218888,1561804730,1597216764,1633481515,1670698900,..
"Population, total",SP.POP.TOTL,Late-demographic dividend,LTE,1848477103,2045125923,2193830154,2206931627,2220297520,2233867635,2247409050,2261412980,2275534160,2287846154.5,2298470832,..
"Population, total",SP.POP.TOTL,Latin America & Caribbean,LCN,441826994,520903450,596538552,603096250,609598313,616001190,622301083,628488528,634554056,640467174,646430843,..
"Population, total",SP.POP.TOTL,Latin America & Caribbean (excluding high income),LAC,417195816,492968023,565881766,572223264,578500250,584677997,590731803,596647568,602435369,608125444,613773119,..
"Population, total",SP.POP.TOTL,Latin America & the Caribbean (IDA & IBRD countries),TLA,426777904,504921262,580428962,587001215,593509457,599937483,606271969,612506457,618641500,624681220,630644772,..
"Population, total",SP.POP.TOTL,Least developed countries: UN classification,LDC,506275612,657215864,856472234,876869863,897797478,919226401,941131317,963511276,986365080,1009662578,1033388876,..
"Population, total",SP.POP.TOTL,Low & middle income,LMY,4251636958,5012852771,5818138003,5894258056,5971273930,6048822070,6126712584,6205233900,6284043441,6361429560.5,6437681136,..
"Population, total",SP.POP.TOTL,Low income,LIC,303390406,401768207,545266258,559335524,573583598,588174709,603234541,618780841,634796692,651327587,668454965,..
"Population, total",SP.POP.TOTL,Lower middle income,LMC,1765242835,2155781287,2588455505,2628465458,2668772179,2709173405,2749824313,2790617792,2831466703,2872397765,2913363391,..
"Population, total",SP.POP.TOTL,Middle East & North Africa,MEA,254215138,315326801,393944527,401974219,409977872,417932241,425821770,433597628,441255236,448912962,456707404,..
"Population, total",SP.POP.TOTL,Middle East & North Africa (excluding high income),MNA,226259037,279279634,338814807,345004009,351299193,357637340,363975550,370276461,376546755,382896715,389457086,..
"Population, total",SP.POP.TOTL,Middle East & North Africa (IDA & IBRD countries),TMN,224280789,276357481,334931821,341024011,347222485,353463942,359705458,365909373,372091950,378327628,384771780,..
"Population, total",SP.POP.TOTL,Middle income,MIC,3948246552,4611084564,5272871745,5334922532,5397690332,5460647361,5523478043,5586453059,5649246749,5710101973.5,5769226171,..
"Population, total",SP.POP.TOTL,North America,NAC,277373464,312909974,345960766,348610010,351141670,353803581,356403308,359115352,361592733,363809186,365892703,..
"Population, total",SP.POP.TOTL,Not classified,INX,..,..,..,..,..,..,..,..,..,..,..,..
"Population, total",SP.POP.TOTL,OECD members,OED,1104136511,1196874047,1294064030,1302075111,1310419162,1319149967,1327822047,1336645071,1344872020,1352645878,1359963500,..
"Population, total",SP.POP.TOTL,Other small states,OSS,17430779,20917092,26647962,27227319,27794595,28364410,28948869,29542879,30148800,30760211,31360407,..
"Population, total",SP.POP.TOTL,Pacific island small states,PSS,1694332,1962452,2241798,2268708,2296101,2325136,2355672,2388307,2422086,2457367,2493696,..
"Population, total",SP.POP.TOTL,Post-demographic dividend,PST,964232874,1020504904,1077815367,1082327434,1087064112,1091996107,1096860060,1101715022,1105771602,1109441474,1112914457,..
"Population, total",SP.POP.TOTL,Pre-demographic dividend,PRE,415057375,550660001,753326798,775573001,798495530,821931240,845759344,869943914,894512725,919485393,944902749,..
"Population, total",SP.POP.TOTL,Small states,SST,25134364,29393033,35912140,36568688,37214029,37862988,38526747,39200571,39885872,40576536,41255486,..
"Population, total",SP.POP.TOTL,South Asia,SAS,1133495196,1390946064,1661534412,1683747130,1705772050,1727640967,1749417068,1771167194,1792835608,1814388744,1835776742,..
"Population, total",SP.POP.TOTL,South Asia (IDA & IBRD),TSA,1133495196,1390946064,1661534412,1683747130,1705772050,1727640967,1749417068,1771167194,1792835608,1814388744,1835776742,..
"Population, total",SP.POP.TOTL,Sub-Saharan Africa,SSF,509451851,665327581,893046172,917726973,943041070,968959787,995458478,1022526541,1050153672,1078306520,1106957898,..
"Population, total",SP.POP.TOTL,Sub-Saharan Africa (excluding high income),SSA,508323569,664059577,891706327,916382788,941692468,967607494,994102454,1021168391,1048793216,1076944455,1105594562,..
"Population, total",SP.POP.TOTL,Sub-Saharan Africa (IDA & IBRD countries),TSS,509451851,665327581,893046172,917726973,943041070,968959787,995458478,1022526541,1050153672,1078306520,1106957898,..
"Population, total",SP.POP.TOTL,Upper middle income,UMC,2183003717,2455303277,2684416240,2706457074,2728918153,2751473956,2773653730,2795835267,2817780046,2837704208.5,2855862780,..
"Population, total",SP.POP.TOTL,World,WLD,5280076280,6114332537,7002860245,7085762277,7169638368,7254226881,7338964954,7424286143,7509074479,7591945270.5,7673533974,..
,,,,,,,,,,,,,,,
,,,,,,,,,,,,,,,
,,,,,,,,,,,,,,,
Data from database: World Development Indicators,,,,,,,,,,,,,,,
Last Updated: 03/19/2021,,,,,,,,,,,,,,,
